{"cameraMode":{"drawMode":0,"name":"Shaded","section":"Shading Mode"},"sceneLighting":true,"audioPlay":false,"sceneViewState":{"showFog":true,"showMaterialUpdate":false,"showSkybox":false,"showFlares":true,"showImageEffects":true,"showParticleSystems":true},"in2DMode":false,"pivot":{"x":62.55531692504883,"y":20.88899040222168,"z":295.4805603027344},"rotation":{"x":0.04630120471119881,"y":-0.4116806089878082,"z":-0.020954471081495286,"w":-0.9099100232124329},"size":4.858646869659424,"orthographic":false}