{"cameraMode":{"drawMode":0,"name":"Shaded","section":"Shading Mode"},"sceneLighting":true,"audioPlay":false,"sceneViewState":{"showFog":true,"showMaterialUpdate":false,"showSkybox":false,"showFlares":true,"showImageEffects":true,"showParticleSystems":true},"in2DMode":false,"pivot":{"x":163.25477600097657,"y":0.5263002514839172,"z":508.2066650390625},"rotation":{"x":-0.0633370578289032,"y":0.306858092546463,"z":-0.020471014082431794,"w":-0.9494248032569885},"size":611.6747436523438,"orthographic":false}