{"cameraMode":{"drawMode":0,"name":"Shaded","section":"Shading Mode"},"sceneLighting":true,"audioPlay":false,"sceneViewState":{"showFog":true,"showMaterialUpdate":false,"showSkybox":false,"showFlares":true,"showImageEffects":true,"showParticleSystems":true},"in2DMode":false,"pivot":{"x":69.8750991821289,"y":39.863773345947269,"z":186.3778533935547},"rotation":{"x":0.29755064845085146,"y":-0.2754381597042084,"z":0.09010040760040283,"w":0.9096589684486389},"size":16.94316864013672,"orthographic":false}