{"cameraMode":{"drawMode":0,"name":"Shaded","section":"Shading Mode"},"sceneLighting":true,"audioPlay":false,"sceneViewState":{"showFog":true,"showMaterialUpdate":false,"showSkybox":false,"showFlares":true,"showImageEffects":true,"showParticleSystems":true},"in2DMode":false,"pivot":{"x":163.46034240722657,"y":27.602556228637697,"z":120.44554138183594},"rotation":{"x":-0.039536114782094958,"y":0.9268429279327393,"z":-0.10204499214887619,"w":-0.3591460883617401},"size":12.103453636169434,"orthographic":false}