{"cameraMode":{"drawMode":0,"name":"Shaded","section":"Shading Mode"},"sceneLighting":true,"audioPlay":false,"sceneViewState":{"showFog":true,"showMaterialUpdate":false,"showSkybox":false,"showFlares":true,"showImageEffects":true,"showParticleSystems":true},"in2DMode":false,"pivot":{"x":157.53887939453126,"y":26.701221466064454,"z":140.4716033935547},"rotation":{"x":-0.08596133440732956,"y":0.7243984341621399,"z":-0.0918787494301796,"w":-0.6778022050857544},"size":39.42308044433594,"orthographic":false}