{"cameraMode":{"drawMode":0,"name":"Shaded","section":"Shading Mode"},"sceneLighting":true,"audioPlay":false,"sceneViewState":{"showFog":true,"showMaterialUpdate":false,"showSkybox":false,"showFlares":true,"showImageEffects":true,"showParticleSystems":true},"in2DMode":false,"pivot":{"x":289.6916198730469,"y":-41.80339813232422,"z":115.94023132324219},"rotation":{"x":0.043920598924160007,"y":-0.9527990221977234,"z":0.24899551272392274,"w":0.16806602478027345},"size":288.244873046875,"orthographic":false}