{"cameraMode":{"drawMode":0,"name":"Shaded","section":"Shading Mode"},"sceneLighting":true,"audioPlay":false,"sceneViewState":{"showFog":true,"showMaterialUpdate":false,"showSkybox":false,"showFlares":true,"showImageEffects":true,"showParticleSystems":true},"in2DMode":false,"pivot":{"x":165.2191619873047,"y":29.023828506469728,"z":365.2546691894531},"rotation":{"x":0.02146196737885475,"y":0.8442745208740234,"z":-0.033899735659360889,"w":0.5344069004058838},"size":0.14266306161880494,"orthographic":false}