{"cameraMode":{"drawMode":0,"name":"Shaded","section":"Shading Mode"},"sceneLighting":true,"audioPlay":false,"sceneViewState":{"showFog":true,"showMaterialUpdate":false,"showSkybox":false,"showFlares":true,"showImageEffects":true,"showParticleSystems":true},"in2DMode":false,"pivot":{"x":52.04492950439453,"y":31.372987747192384,"z":173.81747436523438},"rotation":{"x":0.20622241497039796,"y":-0.06161641702055931,"z":0.013016775250434876,"w":0.9764764904975891},"size":4.730949401855469,"orthographic":false}