{"cameraMode":{"drawMode":0,"name":"Shaded","section":"Shading Mode"},"sceneLighting":true,"audioPlay":false,"sceneViewState":{"showFog":true,"showMaterialUpdate":false,"showSkybox":false,"showFlares":true,"showImageEffects":true,"showParticleSystems":true},"in2DMode":false,"pivot":{"x":224.8708038330078,"y":21.37856674194336,"z":358.0613708496094},"rotation":{"x":0.14243881404399873,"y":-0.32922521233558657,"z":0.050314705818891528,"w":0.9320893287658691},"size":39.21780014038086,"orthographic":false}