{"cameraMode":{"drawMode":0,"name":"Shaded","section":"Shading Mode"},"sceneLighting":true,"audioPlay":false,"sceneViewState":{"showFog":true,"showMaterialUpdate":false,"showSkybox":false,"showFlares":true,"showImageEffects":true,"showParticleSystems":true},"in2DMode":false,"pivot":{"x":71.08002471923828,"y":30.816925048828126,"z":180.0567626953125},"rotation":{"x":0.23432254791259767,"y":-0.46656903624534609,"z":0.12969927489757539,"w":0.8429616689682007},"size":16.23514175415039,"orthographic":false}