{"cameraMode":{"drawMode":0,"name":"Shaded","section":"Shading Mode"},"sceneLighting":true,"audioPlay":false,"sceneViewState":{"showFog":true,"showMaterialUpdate":false,"showSkybox":false,"showFlares":true,"showImageEffects":true,"showParticleSystems":true},"in2DMode":false,"pivot":{"x":206.3826904296875,"y":27.96582794189453,"z":332.134521484375},"rotation":{"x":0.04407929629087448,"y":-0.6786028742790222,"z":0.04086608067154884,"w":0.7320417761802673},"size":39.21780014038086,"orthographic":false}